{"cameraMode":{"drawMode":0,"name":"Shaded","section":"Shading Mode"},"sceneLighting":true,"audioPlay":false,"sceneViewState":{"m_AlwaysRefresh":false,"showFog":true,"showSkybox":true,"showFlares":true,"showImageEffects":true,"showParticleSystems":true,"showVisualEffectGraphs":true,"m_FxEnabled":false},"in2DMode":false,"pivot":{"x":-4.678145408630371,"y":-3.2888784408569338,"z":11.946651458740235},"rotation":{"x":-0.02130275033414364,"y":0.021590644493699075,"z":-0.0004601190739776939,"w":-0.9995394349098206},"size":16.671072006225587,"orthographic":false}