{"cameraMode":{"drawMode":0,"name":"Shaded","section":"Shading Mode"},"sceneLighting":true,"audioPlay":false,"sceneViewState":{"m_AlwaysRefresh":false,"showFog":true,"showSkybox":true,"showFlares":true,"showImageEffects":true,"showParticleSystems":true,"showVisualEffectGraphs":true,"m_FxEnabled":false},"in2DMode":false,"pivot":{"x":656.9010620117188,"y":461.420654296875,"z":-675.27392578125},"rotation":{"x":0.008690512739121914,"y":-0.0009027382475323975,"z":-0.000007813940101186745,"w":-0.999958872795105},"size":216.57765197753907,"orthographic":false}