{"cameraMode":{"drawMode":0,"name":"Shaded","section":"Shading Mode"},"sceneLighting":true,"audioPlay":false,"sceneViewState":{"m_AlwaysRefresh":false,"showFog":true,"showSkybox":true,"showFlares":true,"showImageEffects":true,"showParticleSystems":true,"showVisualEffectGraphs":true,"m_FxEnabled":false},"in2DMode":false,"pivot":{"x":450.5234069824219,"y":578.295166015625,"z":-1.0229243040084839},"rotation":{"x":0.0026906386483460666,"y":-0.000902768864762038,"z":-0.0000023974662326509135,"w":-0.9999929666519165},"size":473.43896484375,"orthographic":false}