{"cameraMode":{"drawMode":0,"name":"Shaded","section":"Shading Mode"},"sceneLighting":true,"audioPlay":false,"sceneViewState":{"m_AlwaysRefresh":false,"showFog":true,"showSkybox":true,"showFlares":true,"showImageEffects":true,"showParticleSystems":true,"showVisualEffectGraphs":true,"m_FxEnabled":false},"in2DMode":false,"pivot":{"x":1.9111205339431763,"y":1.8617677688598633,"z":3.194382905960083},"rotation":{"x":-0.04678591340780258,"y":-0.018566131591796876,"z":0.0008662725449539721,"w":-0.9987468123435974},"size":5.355859756469727,"orthographic":false}