{"cameraMode":{"drawMode":0,"name":"Shaded","section":"Shading Mode"},"sceneLighting":true,"audioPlay":false,"sceneViewState":{"m_AlwaysRefresh":false,"showFog":true,"showSkybox":true,"showFlares":true,"showImageEffects":true,"showParticleSystems":true,"showVisualEffectGraphs":true,"m_FxEnabled":false},"in2DMode":false,"pivot":{"x":0.24055379629135133,"y":0.5315180420875549,"z":1.2912710905075074},"rotation":{"x":0.003989886026829481,"y":-0.9946486353874207,"z":0.09427505731582642,"w":0.042094625532627109},"size":2.1164181232452394,"orthographic":false}