{"cameraMode":{"drawMode":0,"name":"Shaded","section":"Shading Mode"},"sceneLighting":true,"audioPlay":false,"sceneViewState":{"m_AlwaysRefresh":false,"showFog":true,"showSkybox":true,"showFlares":true,"showImageEffects":true,"showParticleSystems":true,"showVisualEffectGraphs":true,"m_FxEnabled":true},"in2DMode":false,"pivot":{"x":1.43477463722229,"y":7.407622814178467,"z":-4.214846134185791},"rotation":{"x":0.21285660564899445,"y":-0.0043973177671432499,"z":0.0009574969299137592,"w":0.9770721793174744},"size":13.520766258239746,"orthographic":false}