{"cameraMode":{"drawMode":0,"name":"Shaded","section":"Shading Mode"},"sceneLighting":false,"audioPlay":false,"sceneViewState":{"m_AlwaysRefresh":false,"showFog":true,"showSkybox":false,"showFlares":true,"showImageEffects":true,"showParticleSystems":true,"showVisualEffectGraphs":true,"m_FxEnabled":false},"in2DMode":false,"pivot":{"x":-0.22101402282714845,"y":-0.013016462326049805,"z":0.08503615856170654},"rotation":{"x":0.0026906386483460666,"y":-0.000902768864762038,"z":-0.0000023974662326509135,"w":-0.9999929666519165},"size":6.701333045959473,"orthographic":false}