{"cameraMode":{"drawMode":0,"name":"Shaded","section":"Shading Mode"},"sceneLighting":true,"audioPlay":false,"sceneViewState":{"m_AlwaysRefresh":false,"showFog":true,"showSkybox":true,"showFlares":true,"showImageEffects":true,"showParticleSystems":true,"showVisualEffectGraphs":true,"m_FxEnabled":true},"in2DMode":false,"pivot":{"x":8.259578704833985,"y":4.645769119262695,"z":-8.240839958190918},"rotation":{"x":-0.0059998296201229099,"y":0.006898010615259409,"z":0.00004140211967751384,"w":0.999958336353302},"size":1.8482553958892823,"orthographic":false}