{"cameraMode":{"drawMode":0,"name":"Shaded","section":"Shading Mode"},"sceneLighting":false,"audioPlay":false,"sceneViewState":{"m_AlwaysRefresh":false,"showFog":false,"showSkybox":false,"showFlares":false,"showImageEffects":false,"showParticleSystems":false,"showVisualEffectGraphs":true,"m_FxEnabled":false},"in2DMode":false,"pivot":{"x":2.384185791015625e-7,"y":0.8647274374961853,"z":-0.005761921405792236},"rotation":{"x":0.003989886026829481,"y":-0.9946486353874207,"z":0.09427505731582642,"w":0.042094625532627109},"size":1.354169487953186,"orthographic":false}