{"cameraMode":{"drawMode":0,"name":"Shaded","section":"Shading Mode"},"sceneLighting":false,"audioPlay":false,"sceneViewState":{"m_AlwaysRefresh":false,"showFog":true,"showSkybox":false,"showFlares":true,"showImageEffects":true,"showParticleSystems":true,"showVisualEffectGraphs":true,"m_FxEnabled":true},"in2DMode":false,"pivot":{"x":11.805867195129395,"y":7.945001125335693,"z":-0.4758472442626953},"rotation":{"x":-0.17590828239917756,"y":0.043098196387290958,"z":-0.007709022611379623,"w":-0.983431875705719},"size":9.278794288635254,"orthographic":false}