{"cameraMode":{"drawMode":0,"name":"Shaded","section":"Shading Mode"},"sceneLighting":true,"audioPlay":false,"sceneViewState":{"m_AlwaysRefresh":false,"showFog":true,"showSkybox":true,"showFlares":true,"showImageEffects":true,"showParticleSystems":true,"showVisualEffectGraphs":true,"m_FxEnabled":false},"in2DMode":false,"pivot":{"x":-49.180572509765628,"y":-13.085168838500977,"z":17.300643920898439},"rotation":{"x":0.13750043511390687,"y":-0.4782335162162781,"z":0.07610195875167847,"w":0.8640598654747009},"size":40.609745025634769,"orthographic":false}