{"cameraMode":{"drawMode":0,"name":"Shaded","section":"Shading Mode"},"sceneLighting":false,"audioPlay":false,"sceneViewState":{"m_AlwaysRefresh":false,"showFog":true,"showSkybox":false,"showFlares":true,"showImageEffects":true,"showParticleSystems":true,"showVisualEffectGraphs":true,"m_FxEnabled":false},"in2DMode":false,"pivot":{"x":-0.2663693428039551,"y":-0.4063849449157715,"z":-0.09210824966430664},"rotation":{"x":0.0026906386483460666,"y":-0.000902768864762038,"z":-0.0000023974662326509135,"w":-0.9999929666519165},"size":6.6661295890808109,"orthographic":false}