{"cameraMode":{"drawMode":0,"name":"Shaded","section":"Shading Mode"},"sceneLighting":false,"audioPlay":false,"sceneViewState":{"m_AlwaysRefresh":false,"showFog":false,"showSkybox":false,"showFlares":false,"showImageEffects":false,"showParticleSystems":false,"showVisualEffectGraphs":true,"m_FxEnabled":false},"in2DMode":false,"pivot":{"x":0.000013008713722229004,"y":0.011641429737210274,"z":-0.001044796546921134},"rotation":{"x":0.003989886026829481,"y":-0.9946486353874207,"z":0.09427505731582642,"w":0.042094625532627109},"size":0.01741688698530197,"orthographic":false}